trip_id,stop_id,stop_sequence,arrival_time,departure_time
L1_trip_0,L1_0,0,21600,21600
L1_trip_0,L1_1,1,21720,21720
L1_trip_0,L1_2,2,21840,21840
L1_trip_0,L1_3,3,21960,21960
L1_trip_0,L1_4,4,22080,22080
L1_trip_0,L1_5,5,22200,22200
L1_trip_0,L1_6,6,22320,22320
L1_trip_0,L1_7,7,22440,22440
L1_trip_0,L1_8,8,22560,22560
L1_trip_0,L1_9,9,22680,22680
L1_trip_0,L1_10,10,22800,22800
L1_trip_0,L1_11,11,22920,22920
L1_trip_0,L1_12,12,23040,23040
L1_trip_0,L1_13,13,23160,23160
L1_trip_0,L1_14,14,23280,23280
L1_trip_0,L1_15,15,23400,23400
L1_trip_0,L1_16,16,23520,23520
L1_trip_0,L1_17,17,23640,23640
L1_trip_0,L1_18,18,23760,23760
L1_trip_0,L1_19,19,23880,23880
L1_trip_0,L1_20,20,24000,24000
L1_trip_0,L1_21,21,24120,24120
L1_trip_0,L1_22,22,24240,24240
L1_trip_0,L1_23,23,24360,24360
L1_trip_0,L1_24,24,24480,24480
L1_trip_0,L1_25,25,24600,24600
L1_trip_0,L1_26,26,24720,24720
L1_trip_0,L1_27,27,24840,24840
L1_trip_0,L1_28,28,24960,24960
L1_trip_1,L1_0,0,22200,22200
L1_trip_1,L1_1,1,22320,22320
L1_trip_1,L1_2,2,22440,22440
L1_trip_1,L1_3,3,22560,22560
L1_trip_1,L1_4,4,22680,22680
L1_trip_1,L1_5,5,22800,22800
L1_trip_1,L1_6,6,22920,22920
L1_trip_1,L1_7,7,23040,23040
L1_trip_1,L1_8,8,23160,23160
L1_trip_1,L1_9,9,23280,23280
L1_trip_1,L1_10,10,23400,23400
L1_trip_1,L1_11,11,23520,23520
L1_trip_1,L1_12,12,23640,23640
L1_trip_1,L1_13,13,23760,23760
L1_trip_1,L1_14,14,23880,23880
L1_trip_1,L1_15,15,24000,24000
L1_trip_1,L1_16,16,24120,24120
L1_trip_1,L1_17,17,24240,24240
L1_trip_1,L1_18,18,24360,24360
L1_trip_1,L1_19,19,24480,24480
L1_trip_1,L1_20,20,24600,24600
L1_trip_1,L1_21,21,24720,24720
L1_trip_1,L1_22,22,24840,24840
L1_trip_1,L1_23,23,24960,24960
L1_trip_1,L1_24,24,25080,25080
L1_trip_1,L1_25,25,25200,25200
L1_trip_1,L1_26,26,25320,25320
L1_trip_1,L1_27,27,25440,25440
L1_trip_1,L1_28,28,25560,25560
L1_trip_2,L1_0,0,22800,22800
L1_trip_2,L1_1,1,22920,22920
L1_trip_2,L1_2,2,23040,23040
L1_trip_2,L1_3,3,23160,23160
L1_trip_2,L1_4,4,23280,23280
L1_trip_2,L1_5,5,23400,23400
L1_trip_2,L1_6,6,23520,23520
L1_trip_2,L1_7,7,23640,23640
L1_trip_2,L1_8,8,23760,23760
L1_trip_2,L1_9,9,23880,23880
L1_trip_2,L1_10,10,24000,24000
L1_trip_2,L1_11,11,24120,24120
L1_trip_2,L1_12,12,24240,24240
L1_trip_2,L1_13,13,24360,24360
L1_trip_2,L1_14,14,24480,24480
L1_trip_2,L1_15,15,24600,24600
L1_trip_2,L1_16,16,24720,24720
L1_trip_2,L1_17,17,24840,24840
L1_trip_2,L1_18,18,24960,24960
L1_trip_2,L1_19,19,25080,25080
L1_trip_2,L1_20,20,25200,25200
L1_trip_2,L1_21,21,25320,25320
L1_trip_2,L1_22,22,25440,25440
L1_trip_2,L1_23,23,25560,25560
L1_trip_2,L1_24,24,25680,25680
L1_trip_2,L1_25,25,25800,25800
L1_trip_2,L1_26,26,25920,25920
L1_trip_2,L1_27,27,26040,26040
L1_trip_2,L1_28,28,26160,26160
L1_trip_3,L1_0,0,23400,23400
L1_trip_3,L1_1,1,23520,23520
L1_trip_3,L1_2,2,23640,23640
L1_trip_3,L1_3,3,23760,23760
L1_trip_3,L1_4,4,23880,23880
L1_trip_3,L1_5,5,24000,24000
L1_trip_3,L1_6,6,24120,24120
L1_trip_3,L1_7,7,24240,24240
L1_trip_3,L1_8,8,24360,24360
L1_trip_3,L1_9,9,24480,24480
L1_trip_3,L1_10,10,24600,24600
L1_trip_3,L1_11,11,24720,24720
L1_trip_3,L1_12,12,24840,24840
L1_trip_3,L1_13,13,24960,24960
L1_trip_3,L1_14,14,25080,25080
L1_trip_3,L1_15,15,25200,25200
L1_trip_3,L1_16,16,25320,25320
L1_trip_3,L1_17,17,25440,25440
L1_trip_3,L1_18,18,25560,25560
L1_trip_3,L1_19,19,25680,25680
L1_trip_3,L1_20,20,25800,25800
L1_trip_3,L1_21,21,25920,25920
L1_trip_3,L1_22,22,26040,26040
L1_trip_3,L1_23,23,26160,26160
L1_trip_3,L1_24,24,26280,26280
L1_trip_3,L1_25,25,26400,26400
L1_trip_3,L1_26,26,26520,26520
L1_trip_3,L1_27,27,26640,26640
L1_trip_3,L1_28,28,26760,26760
L1_trip_4,L1_0,0,24000,24000
L1_trip_4,L1_1,1,24120,24120
L1_trip_4,L1_2,2,24240,24240
L1_trip_4,L1_3,3,24360,24360
L1_trip_4,L1_4,4,24480,24480
L1_trip_4,L1_5,5,24600,24600
L1_trip_4,L1_6,6,24720,24720
L1_trip_4,L1_7,7,24840,24840
L1_trip_4,L1_8,8,24960,24960
L1_trip_4,L1_9,9,25080,25080
L1_trip_4,L1_10,10,25200,25200
L1_trip_4,L1_11,11,25320,25320
L1_trip_4,L1_12,12,25440,25440
L1_trip_4,L1_13,13,25560,25560
L1_trip_4,L1_14,14,25680,25680
L1_trip_4,L1_15,15,25800,25800
L1_trip_4,L1_16,16,25920,25920
L1_trip_4,L1_17,17,26040,26040
L1_trip_4,L1_18,18,26160,26160
L1_trip_4,L1_19,19,26280,26280
L1_trip_4,L1_20,20,26400,26400
L1_trip_4,L1_21,21,26520,26520
L1_trip_4,L1_22,22,26640,26640
L1_trip_4,L1_23,23,26760,26760
L1_trip_4,L1_24,24,26880,26880
L1_trip_4,L1_25,25,27000,27000
L1_trip_4,L1_26,26,27120,27120
L1_trip_4,L1_27,27,27240,27240
L1_trip_4,L1_28,28,27360,27360
L1_trip_5,L1_0,0,24600,24600
L1_trip_5,L1_1,1,24720,24720
L1_trip_5,L1_2,2,24840,24840
L1_trip_5,L1_3,3,24960,24960
L1_trip_5,L1_4,4,25080,25080
L1_trip_5,L1_5,5,25200,25200
L1_trip_5,L1_6,6,25320,25320
L1_trip_5,L1_7,7,25440,25440
L1_trip_5,L1_8,8,25560,25560
L1_trip_5,L1_9,9,25680,25680
L1_trip_5,L1_10,10,25800,25800
L1_trip_5,L1_11,11,25920,25920
L1_trip_5,L1_12,12,26040,26040
L1_trip_5,L1_13,13,26160,26160
L1_trip_5,L1_14,14,26280,26280
L1_trip_5,L1_15,15,26400,26400
L1_trip_5,L1_16,16,26520,26520
L1_trip_5,L1_17,17,26640,26640
L1_trip_5,L1_18,18,26760,26760
L1_trip_5,L1_19,19,26880,26880
L1_trip_5,L1_20,20,27000,27000
L1_trip_5,L1_21,21,27120,27120
L1_trip_5,L1_22,22,27240,27240
L1_trip_5,L1_23,23,27360,27360
L1_trip_5,L1_24,24,27480,27480
L1_trip_5,L1_25,25,27600,27600
L1_trip_5,L1_26,26,27720,27720
L1_trip_5,L1_27,27,27840,27840
L1_trip_5,L1_28,28,27960,27960
L1_trip_6,L1_0,0,25200,25200
L1_trip_6,L1_1,1,25320,25320
L1_trip_6,L1_2,2,25440,25440
L1_trip_6,L1_3,3,25560,25560
L1_trip_6,L1_4,4,25680,25680
L1_trip_6,L1_5,5,25800,25800
L1_trip_6,L1_6,6,25920,25920
L1_trip_6,L1_7,7,26040,26040
L1_trip_6,L1_8,8,26160,26160
L1_trip_6,L1_9,9,26280,26280
L1_trip_6,L1_10,10,26400,26400
L1_trip_6,L1_11,11,26520,26520
L1_trip_6,L1_12,12,26640,26640
L1_trip_6,L1_13,13,26760,26760
L1_trip_6,L1_14,14,26880,26880
L1_trip_6,L1_15,15,27000,27000
L1_trip_6,L1_16,16,27120,27120
L1_trip_6,L1_17,17,27240,27240
L1_trip_6,L1_18,18,27360,27360
L1_trip_6,L1_19,19,27480,27480
L1_trip_6,L1_20,20,27600,27600
L1_trip_6,L1_21,21,27720,27720
L1_trip_6,L1_22,22,27840,27840
L1_trip_6,L1_23,23,27960,27960
L1_trip_6,L1_24,24,28080,28080
L1_trip_6,L1_25,25,28200,28200
L1_trip_6,L1_26,26,28320,28320
L1_trip_6,L1_27,27,28440,28440
L1_trip_6,L1_28,28,28560,28560
L1_trip_7,L1_0,0,25800,25800
L1_trip_7,L1_1,1,25920,25920
L1_trip_7,L1_2,2,26040,26040
L1_trip_7,L1_3,3,26160,26160
L1_trip_7,L1_4,4,26280,26280
L1_trip_7,L1_5,5,26400,26400
L1_trip_7,L1_6,6,26520,26520
L1_trip_7,L1_7,7,26640,26640
L1_trip_7,L1_8,8,26760,26760
L1_trip_7,L1_9,9,26880,26880
L1_trip_7,L1_10,10,27000,27000
L1_trip_7,L1_11,11,27120,27120
L1_trip_7,L1_12,12,27240,27240
L1_trip_7,L1_13,13,27360,27360
L1_trip_7,L1_14,14,27480,27480
L1_trip_7,L1_15,15,27600,27600
L1_trip_7,L1_16,16,27720,27720
L1_trip_7,L1_17,17,27840,27840
L1_trip_7,L1_18,18,27960,27960
L1_trip_7,L1_19,19,28080,28080
L1_trip_7,L1_20,20,28200,28200
L1_trip_7,L1_21,21,28320,28320
L1_trip_7,L1_22,22,28440,28440
L1_trip_7,L1_23,23,28560,28560
L1_trip_7,L1_24,24,28680,28680
L1_trip_7,L1_25,25,28800,28800
L1_trip_7,L1_26,26,28920,28920
L1_trip_7,L1_27,27,29040,29040
L1_trip_7,L1_28,28,29160,29160
L1_trip_8,L1_0,0,26400,26400
L1_trip_8,L1_1,1,26520,26520
L1_trip_8,L1_2,2,26640,26640
L1_trip_8,L1_3,3,26760,26760
L1_trip_8,L1_4,4,26880,26880
L1_trip_8,L1_5,5,27000,27000
L1_trip_8,L1_6,6,27120,27120
L1_trip_8,L1_7,7,27240,27240
L1_trip_8,L1_8,8,27360,27360
L1_trip_8,L1_9,9,27480,27480
L1_trip_8,L1_10,10,27600,27600
L1_trip_8,L1_11,11,27720,27720
L1_trip_8,L1_12,12,27840,27840
L1_trip_8,L1_13,13,27960,27960
L1_trip_8,L1_14,14,28080,28080
L1_trip_8,L1_15,15,28200,28200
L1_trip_8,L1_16,16,28320,28320
L1_trip_8,L1_17,17,28440,28440
L1_trip_8,L1_18,18,28560,28560
L1_trip_8,L1_19,19,28680,28680
L1_trip_8,L1_20,20,28800,28800
L1_trip_8,L1_21,21,28920,28920
L1_trip_8,L1_22,22,29040,29040
L1_trip_8,L1_23,23,29160,29160
L1_trip_8,L1_24,24,29280,29280
L1_trip_8,L1_25,25,29400,29400
L1_trip_8,L1_26,26,29520,29520
L1_trip_8,L1_27,27,29640,29640
L1_trip_8,L1_28,28,29760,29760
L1_trip_9,L1_0,0,27000,27000
L1_trip_9,L1_1,1,27120,27120
L1_trip_9,L1_2,2,27240,27240
L1_trip_9,L1_3,3,27360,27360
L1_trip_9,L1_4,4,27480,27480
L1_trip_9,L1_5,5,27600,27600
L1_trip_9,L1_6,6,27720,27720
L1_trip_9,L1_7,7,27840,27840
L1_trip_9,L1_8,8,27960,27960
L1_trip_9,L1_9,9,28080,28080
L1_trip_9,L1_10,10,28200,28200
L1_trip_9,L1_11,11,28320,28320
L1_trip_9,L1_12,12,28440,28440
L1_trip_9,L1_13,13,28560,28560
L1_trip_9,L1_14,14,28680,28680
L1_trip_9,L1_15,15,28800,28800
L1_trip_9,L1_16,16,28920,28920
L1_trip_9,L1_17,17,29040,29040
L1_trip_9,L1_18,18,29160,29160
L1_trip_9,L1_19,19,29280,29280
L1_trip_9,L1_20,20,29400,29400
L1_trip_9,L1_21,21,29520,29520
L1_trip_9,L1_22,22,29640,29640
L1_trip_9,L1_23,23,29760,29760
L1_trip_9,L1_24,24,29880,29880
L1_trip_9,L1_25,25,30000,30000
L1_trip_9,L1_26,26,30120,30120
L1_trip_9,L1_27,27,30240,30240
L1_trip_9,L1_28,28,30360,30360
L1_trip_10,L1_0,0,27600,27600
L1_trip_10,L1_1,1,27720,27720
L1_trip_10,L1_2,2,27840,27840
L1_trip_10,L1_3,3,27960,27960
L1_trip_10,L1_4,4,28080,28080
L1_trip_10,L1_5,5,28200,28200
L1_trip_10,L1_6,6,28320,28320
L1_trip_10,L1_7,7,28440,28440
L1_trip_10,L1_8,8,28560,28560
L1_trip_10,L1_9,9,28680,28680
L1_trip_10,L1_10,10,28800,28800
L1_trip_10,L1_11,11,28920,28920
L1_trip_10,L1_12,12,29040,29040
L1_trip_10,L1_13,13,29160,29160
L1_trip_10,L1_14,14,29280,29280
L1_trip_10,L1_15,15,29400,29400
L1_trip_10,L1_16,16,29520,29520
L1_trip_10,L1_17,17,29640,29640
L1_trip_10,L1_18,18,29760,29760
L1_trip_10,L1_19,19,29880,29880
L1_trip_10,L1_20,20,30000,30000
L1_trip_10,L1_21,21,30120,30120
L1_trip_10,L1_22,22,30240,30240
L1_trip_10,L1_23,23,30360,30360
L1_trip_10,L1_24,24,30480,30480
L1_trip_10,L1_25,25,30600,30600
L1_trip_10,L1_26,26,30720,30720
L1_trip_10,L1_27,27,30840,30840
L1_trip_10,L1_28,28,30960,30960
L1_trip_11,L1_0,0,28200,28200
L1_trip_11,L1_1,1,28320,28320
L1_trip_11,L1_2,2,28440,28440
L1_trip_11,L1_3,3,28560,28560
L1_trip_11,L1_4,4,28680,28680
L1_trip_11,L1_5,5,28800,28800
L1_trip_11,L1_6,6,28920,28920
L1_trip_11,L1_7,7,29040,29040
L1_trip_11,L1_8,8,29160,29160
L1_trip_11,L1_9,9,29280,29280
L1_trip_11,L1_10,10,29400,29400
L1_trip_11,L1_11,11,29520,29520
L1_trip_11,L1_12,12,29640,29640
L1_trip_11,L1_13,13,29760,29760
L1_trip_11,L1_14,14,29880,29880
L1_trip_11,L1_15,15,30000,30000
L1_trip_11,L1_16,16,30120,30120
L1_trip_11,L1_17,17,30240,30240
L1_trip_11,L1_18,18,30360,30360
L1_trip_11,L1_19,19,30480,30480
L1_trip_11,L1_20,20,30600,30600
L1_trip_11,L1_21,21,30720,30720
L1_trip_11,L1_22,22,30840,30840
L1_trip_11,L1_23,23,30960,30960
L1_trip_11,L1_24,24,31080,31080
L1_trip_11,L1_25,25,31200,31200
L1_trip_11,L1_26,26,31320,31320
L1_trip_11,L1_27,27,31440,31440
L1_trip_11,L1_28,28,31560,31560
L1_trip_12,L1_0,0,28800,28800
L1_trip_12,L1_1,1,28920,28920
L1_trip_12,L1_2,2,29040,29040
L1_trip_12,L1_3,3,29160,29160
L1_trip_12,L1_4,4,29280,29280
L1_trip_12,L1_5,5,29400,29400
L1_trip_12,L1_6,6,29520,29520
L1_trip_12,L1_7,7,29640,29640
L1_trip_12,L1_8,8,29760,29760
L1_trip_12,L1_9,9,29880,29880
L1_trip_12,L1_10,10,30000,30000
L1_trip_12,L1_11,11,30120,30120
L1_trip_12,L1_12,12,30240,30240
L1_trip_12,L1_13,13,30360,30360
L1_trip_12,L1_14,14,30480,30480
L1_trip_12,L1_15,15,30600,30600
L1_trip_12,L1_16,16,30720,30720
L1_trip_12,L1_17,17,30840,30840
L1_trip_12,L1_18,18,30960,30960
L1_trip_12,L1_19,19,31080,31080
L1_trip_12,L1_20,20,31200,31200
L1_trip_12,L1_21,21,31320,31320
L1_trip_12,L1_22,22,31440,31440
L1_trip_12,L1_23,23,31560,31560
L1_trip_12,L1_24,24,31680,31680
L1_trip_12,L1_25,25,31800,31800
L1_trip_12,L1_26,26,31920,31920
L1_trip_12,L1_27,27,32040,32040
L1_trip_12,L1_28,28,32160,32160
L1_trip_13,L1_0,0,29400,29400
L1_trip_13,L1_1,1,29520,29520
L1_trip_13,L1_2,2,29640,29640
L1_trip_13,L1_3,3,29760,29760
L1_trip_13,L1_4,4,29880,29880
L1_trip_13,L1_5,5,30000,30000
L1_trip_13,L1_6,6,30120,30120
L1_trip_13,L1_7,7,30240,30240
L1_trip_13,L1_8,8,30360,30360
L1_trip_13,L1_9,9,30480,30480
L1_trip_13,L1_10,10,30600,30600
L1_trip_13,L1_11,11,30720,30720
L1_trip_13,L1_12,12,30840,30840
L1_trip_13,L1_13,13,30960,30960
L1_trip_13,L1_14,14,31080,31080
L1_trip_13,L1_15,15,31200,31200
L1_trip_13,L1_16,16,31320,31320
L1_trip_13,L1_17,17,31440,31440
L1_trip_13,L1_18,18,31560,31560
L1_trip_13,L1_19,19,31680,31680
L1_trip_13,L1_20,20,31800,31800
L1_trip_13,L1_21,21,31920,31920
L1_trip_13,L1_22,22,32040,32040
L1_trip_13,L1_23,23,32160,32160
L1_trip_13,L1_24,24,32280,32280
L1_trip_13,L1_25,25,32400,32400
L1_trip_13,L1_26,26,32520,32520
L1_trip_13,L1_27,27,32640,32640
L1_trip_13,L1_28,28,32760,32760
L1_trip_14,L1_0,0,30000,30000
L1_trip_14,L1_1,1,30120,30120
L1_trip_14,L1_2,2,30240,30240
L1_trip_14,L1_3,3,30360,30360
L1_trip_14,L1_4,4,30480,30480
L1_trip_14,L1_5,5,30600,30600
L1_trip_14,L1_6,6,30720,30720
L1_trip_14,L1_7,7,30840,30840
L1_trip_14,L1_8,8,30960,30960
L1_trip_14,L1_9,9,31080,31080
L1_trip_14,L1_10,10,31200,31200
L1_trip_14,L1_11,11,31320,31320
L1_trip_14,L1_12,12,31440,31440
L1_trip_14,L1_13,13,31560,31560
L1_trip_14,L1_14,14,31680,31680
L1_trip_14,L1_15,15,31800,31800
L1_trip_14,L1_16,16,31920,31920
L1_trip_14,L1_17,17,32040,32040
L1_trip_14,L1_18,18,32160,32160
L1_trip_14,L1_19,19,32280,32280
L1_trip_14,L1_20,20,32400,32400
L1_trip_14,L1_21,21,32520,32520
L1_trip_14,L1_22,22,32640,32640
L1_trip_14,L1_23,23,32760,32760
L1_trip_14,L1_24,24,32880,32880
L1_trip_14,L1_25,25,33000,33000
L1_trip_14,L1_26,26,33120,33120
L1_trip_14,L1_27,27,33240,33240
L1_trip_14,L1_28,28,33360,33360
L1_trip_15,L1_0,0,30600,30600
L1_trip_15,L1_1,1,30720,30720
L1_trip_15,L1_2,2,30840,30840
L1_trip_15,L1_3,3,30960,30960
L1_trip_15,L1_4,4,31080,31080
L1_trip_15,L1_5,5,31200,31200
L1_trip_15,L1_6,6,31320,31320
L1_trip_15,L1_7,7,31440,31440
L1_trip_15,L1_8,8,31560,31560
L1_trip_15,L1_9,9,31680,31680
L1_trip_15,L1_10,10,31800,31800
L1_trip_15,L1_11,11,31920,31920
L1_trip_15,L1_12,12,32040,32040
L1_trip_15,L1_13,13,32160,32160
L1_trip_15,L1_14,14,32280,32280
L1_trip_15,L1_15,15,32400,32400
L1_trip_15,L1_16,16,32520,32520
L1_trip_15,L1_17,17,32640,32640
L1_trip_15,L1_18,18,32760,32760
L1_trip_15,L1_19,19,32880,32880
L1_trip_15,L1_20,20,33000,33000
L1_trip_15,L1_21,21,33120,33120
L1_trip_15,L1_22,22,33240,33240
L1_trip_15,L1_23,23,33360,33360
L1_trip_15,L1_24,24,33480,33480
L1_trip_15,L1_25,25,33600,33600
L1_trip_15,L1_26,26,33720,33720
L1_trip_15,L1_27,27,33840,33840
L1_trip_15,L1_28,28,33960,33960
L1_trip_16,L1_0,0,31200,31200
L1_trip_16,L1_1,1,31320,31320
L1_trip_16,L1_2,2,31440,31440
L1_trip_16,L1_3,3,31560,31560
L1_trip_16,L1_4,4,31680,31680
L1_trip_16,L1_5,5,31800,31800
L1_trip_16,L1_6,6,31920,31920
L1_trip_16,L1_7,7,32040,32040
L1_trip_16,L1_8,8,32160,32160
L1_trip_16,L1_9,9,32280,32280
L1_trip_16,L1_10,10,32400,32400
L1_trip_16,L1_11,11,32520,32520
L1_trip_16,L1_12,12,32640,32640
L1_trip_16,L1_13,13,32760,32760
L1_trip_16,L1_14,14,32880,32880
L1_trip_16,L1_15,15,33000,33000
L1_trip_16,L1_16,16,33120,33120
L1_trip_16,L1_17,17,33240,33240
L1_trip_16,L1_18,18,33360,33360
L1_trip_16,L1_19,19,33480,33480
L1_trip_16,L1_20,20,33600,33600
L1_trip_16,L1_21,21,33720,33720
L1_trip_16,L1_22,22,33840,33840
L1_trip_16,L1_23,23,33960,33960
L1_trip_16,L1_24,24,34080,34080
L1_trip_16,L1_25,25,34200,34200
L1_trip_16,L1_26,26,34320,34320
L1_trip_16,L1_27,27,34440,34440
L1_trip_16,L1_28,28,34560,34560
L1_trip_17,L1_0,0,31800,31800
L1_trip_17,L1_1,1,31920,31920
L1_trip_17,L1_2,2,32040,32040
L1_trip_17,L1_3,3,32160,32160
L1_trip_17,L1_4,4,32280,32280
L1_trip_17,L1_5,5,32400,32400
L1_trip_17,L1_6,6,32520,32520
L1_trip_17,L1_7,7,32640,32640
L1_trip_17,L1_8,8,32760,32760
L1_trip_17,L1_9,9,32880,32880
L1_trip_17,L1_10,10,33000,33000
L1_trip_17,L1_11,11,33120,33120
L1_trip_17,L1_12,12,33240,33240
L1_trip_17,L1_13,13,33360,33360
L1_trip_17,L1_14,14,33480,33480
L1_trip_17,L1_15,15,33600,33600
L1_trip_17,L1_16,16,33720,33720
L1_trip_17,L1_17,17,33840,33840
L1_trip_17,L1_18,18,33960,33960
L1_trip_17,L1_19,19,34080,34080
L1_trip_17,L1_20,20,34200,34200
L1_trip_17,L1_21,21,34320,34320
L1_trip_17,L1_22,22,34440,34440
L1_trip_17,L1_23,23,34560,34560
L1_trip_17,L1_24,24,34680,34680
L1_trip_17,L1_25,25,34800,34800
L1_trip_17,L1_26,26,34920,34920
L1_trip_17,L1_27,27,35040,35040
L1_trip_17,L1_28,28,35160,35160
L1_trip_18,L1_0,0,32400,32400
L1_trip_18,L1_1,1,32520,32520
L1_trip_18,L1_2,2,32640,32640
L1_trip_18,L1_3,3,32760,32760
L1_trip_18,L1_4,4,32880,32880
L1_trip_18,L1_5,5,33000,33000
L1_trip_18,L1_6,6,33120,33120
L1_trip_18,L1_7,7,33240,33240
L1_trip_18,L1_8,8,33360,33360
L1_trip_18,L1_9,9,33480,33480
L1_trip_18,L1_10,10,33600,33600
L1_trip_18,L1_11,11,33720,33720
L1_trip_18,L1_12,12,33840,33840
L1_trip_18,L1_13,13,33960,33960
L1_trip_18,L1_14,14,34080,34080
L1_trip_18,L1_15,15,34200,34200
L1_trip_18,L1_16,16,34320,34320
L1_trip_18,L1_17,17,34440,34440
L1_trip_18,L1_18,18,34560,34560
L1_trip_18,L1_19,19,34680,34680
L1_trip_18,L1_20,20,34800,34800
L1_trip_18,L1_21,21,34920,34920
L1_trip_18,L1_22,22,35040,35040
L1_trip_18,L1_23,23,35160,35160
L1_trip_18,L1_24,24,35280,35280
L1_trip_18,L1_25,25,35400,35400
L1_trip_18,L1_26,26,35520,35520
L1_trip_18,L1_27,27,35640,35640
L1_trip_18,L1_28,28,35760,35760
L1_trip_19,L1_0,0,33000,33000
L1_trip_19,L1_1,1,33120,33120
L1_trip_19,L1_2,2,33240,33240
L1_trip_19,L1_3,3,33360,33360
L1_trip_19,L1_4,4,33480,33480
L1_trip_19,L1_5,5,33600,33600
L1_trip_19,L1_6,6,33720,33720
L1_trip_19,L1_7,7,33840,33840
L1_trip_19,L1_8,8,33960,33960
L1_trip_19,L1_9,9,34080,34080
L1_trip_19,L1_10,10,34200,34200
L1_trip_19,L1_11,11,34320,34320
L1_trip_19,L1_12,12,34440,34440
L1_trip_19,L1_13,13,34560,34560
L1_trip_19,L1_14,14,34680,34680
L1_trip_19,L1_15,15,34800,34800
L1_trip_19,L1_16,16,34920,34920
L1_trip_19,L1_17,17,35040,35040
L1_trip_19,L1_18,18,35160,35160
L1_trip_19,L1_19,19,35280,35280
L1_trip_19,L1_20,20,35400,35400
L1_trip_19,L1_21,21,35520,35520
L1_trip_19,L1_22,22,35640,35640
L1_trip_19,L1_23,23,35760,35760
L1_trip_19,L1_24,24,35880,35880
L1_trip_19,L1_25,25,36000,36000
L1_trip_19,L1_26,26,36120,36120
L1_trip_19,L1_27,27,36240,36240
L1_trip_19,L1_28,28,36360,36360
L1_trip_20,L1_0,0,33600,33600
L1_trip_20,L1_1,1,33720,33720
L1_trip_20,L1_2,2,33840,33840
L1_trip_20,L1_3,3,33960,33960
L1_trip_20,L1_4,4,34080,34080
L1_trip_20,L1_5,5,34200,34200
L1_trip_20,L1_6,6,34320,34320
L1_trip_20,L1_7,7,34440,34440
L1_trip_20,L1_8,8,34560,34560
L1_trip_20,L1_9,9,34680,34680
L1_trip_20,L1_10,10,34800,34800
L1_trip_20,L1_11,11,34920,34920
L1_trip_20,L1_12,12,35040,35040
L1_trip_20,L1_13,13,35160,35160
L1_trip_20,L1_14,14,35280,35280
L1_trip_20,L1_15,15,35400,35400
L1_trip_20,L1_16,16,35520,35520
L1_trip_20,L1_17,17,35640,35640
L1_trip_20,L1_18,18,35760,35760
L1_trip_20,L1_19,19,35880,35880
L1_trip_20,L1_20,20,36000,36000
L1_trip_20,L1_21,21,36120,36120
L1_trip_20,L1_22,22,36240,36240
L1_trip_20,L1_23,23,36360,36360
L1_trip_20,L1_24,24,36480,36480
L1_trip_20,L1_25,25,36600,36600
L1_trip_20,L1_26,26,36720,36720
L1_trip_20,L1_27,27,36840,36840
L1_trip_20,L1_28,28,36960,36960
L1_trip_21,L1_0,0,34200,34200
L1_trip_21,L1_1,1,34320,34320
L1_trip_21,L1_2,2,34440,34440
L1_trip_21,L1_3,3,34560,34560
L1_trip_21,L1_4,4,34680,34680
L1_trip_21,L1_5,5,34800,34800
L1_trip_21,L1_6,6,34920,34920
L1_trip_21,L1_7,7,35040,35040
L1_trip_21,L1_8,8,35160,35160
L1_trip_21,L1_9,9,35280,35280
L1_trip_21,L1_10,10,35400,35400
L1_trip_21,L1_11,11,35520,35520
L1_trip_21,L1_12,12,35640,35640
L1_trip_21,L1_13,13,35760,35760
L1_trip_21,L1_14,14,35880,35880
L1_trip_21,L1_15,15,36000,36000
L1_trip_21,L1_16,16,36120,36120
L1_trip_21,L1_17,17,36240,36240
L1_trip_21,L1_18,18,36360,36360
L1_trip_21,L1_19,19,36480,36480
L1_trip_21,L1_20,20,36600,36600
L1_trip_21,L1_21,21,36720,36720
L1_trip_21,L1_22,22,36840,36840
L1_trip_21,L1_23,23,36960,36960
L1_trip_21,L1_24,24,37080,37080
L1_trip_21,L1_25,25,37200,37200
L1_trip_21,L1_26,26,37320,37320
L1_trip_21,L1_27,27,37440,37440
L1_trip_21,L1_28,28,37560,37560
L1_trip_22,L1_0,0,34800,34800
L1_trip_22,L1_1,1,34920,34920
L1_trip_22,L1_2,2,35040,35040
L1_trip_22,L1_3,3,35160,35160
L1_trip_22,L1_4,4,35280,35280
L1_trip_22,L1_5,5,35400,35400
L1_trip_22,L1_6,6,35520,35520
L1_trip_22,L1_7,7,35640,35640
L1_trip_22,L1_8,8,35760,35760
L1_trip_22,L1_9,9,35880,35880
L1_trip_22,L1_10,10,36000,36000
L1_trip_22,L1_11,11,36120,36120
L1_trip_22,L1_12,12,36240,36240
L1_trip_22,L1_13,13,36360,36360
L1_trip_22,L1_14,14,36480,36480
L1_trip_22,L1_15,15,36600,36600
L1_trip_22,L1_16,16,36720,36720
L1_trip_22,L1_17,17,36840,36840
L1_trip_22,L1_18,18,36960,36960
L1_trip_22,L1_19,19,37080,37080
L1_trip_22,L1_20,20,37200,37200
L1_trip_22,L1_21,21,37320,37320
L1_trip_22,L1_22,22,37440,37440
L1_trip_22,L1_23,23,37560,37560
L1_trip_22,L1_24,24,37680,37680
L1_trip_22,L1_25,25,37800,37800
L1_trip_22,L1_26,26,37920,37920
L1_trip_22,L1_27,27,38040,38040
L1_trip_22,L1_28,28,38160,38160
L1_trip_23,L1_0,0,35400,35400
L1_trip_23,L1_1,1,35520,35520
L1_trip_23,L1_2,2,35640,35640
L1_trip_23,L1_3,3,35760,35760
L1_trip_23,L1_4,4,35880,35880
L1_trip_23,L1_5,5,36000,36000
L1_trip_23,L1_6,6,36120,36120
L1_trip_23,L1_7,7,36240,36240
L1_trip_23,L1_8,8,36360,36360
L1_trip_23,L1_9,9,36480,36480
L1_trip_23,L1_10,10,36600,36600
L1_trip_23,L1_11,11,36720,36720
L1_trip_23,L1_12,12,36840,36840
L1_trip_23,L1_13,13,36960,36960
L1_trip_23,L1_14,14,37080,37080
L1_trip_23,L1_15,15,37200,37200
L1_trip_23,L1_16,16,37320,37320
L1_trip_23,L1_17,17,37440,37440
L1_trip_23,L1_18,18,37560,37560
L1_trip_23,L1_19,19,37680,37680
L1_trip_23,L1_20,20,37800,37800
L1_trip_23,L1_21,21,37920,37920
L1_trip_23,L1_22,22,38040,38040
L1_trip_23,L1_23,23,38160,38160
L1_trip_23,L1_24,24,38280,38280
L1_trip_23,L1_25,25,38400,38400
L1_trip_23,L1_26,26,38520,38520
L1_trip_23,L1_27,27,38640,38640
L1_trip_23,L1_28,28,38760,38760
L1_trip_24,L1_0,0,36000,36000
L1_trip_24,L1_1,1,36120,36120
L1_trip_24,L1_2,2,36240,36240
L1_trip_24,L1_3,3,36360,36360
L1_trip_24,L1_4,4,36480,36480
L1_trip_24,L1_5,5,36600,36600
L1_trip_24,L1_6,6,36720,36720
L1_trip_24,L1_7,7,36840,36840
L1_trip_24,L1_8,8,36960,36960
L1_trip_24,L1_9,9,37080,37080
L1_trip_24,L1_10,10,37200,37200
L1_trip_24,L1_11,11,37320,37320
L1_trip_24,L1_12,12,37440,37440
L1_trip_24,L1_13,13,37560,37560
L1_trip_24,L1_14,14,37680,37680
L1_trip_24,L1_15,15,37800,37800
L1_trip_24,L1_16,16,37920,37920
L1_trip_24,L1_17,17,38040,38040
L1_trip_24,L1_18,18,38160,38160
L1_trip_24,L1_19,19,38280,38280
L1_trip_24,L1_20,20,38400,38400
L1_trip_24,L1_21,21,38520,38520
L1_trip_24,L1_22,22,38640,38640
L1_trip_24,L1_23,23,38760,38760
L1_trip_24,L1_24,24,38880,38880
L1_trip_24,L1_25,25,39000,39000
L1_trip_24,L1_26,26,39120,39120
L1_trip_24,L1_27,27,39240,39240
L1_trip_24,L1_28,28,39360,39360
L1_trip_25,L1_0,0,36600,36600
L1_trip_25,L1_1,1,36720,36720
L1_trip_25,L1_2,2,36840,36840
L1_trip_25,L1_3,3,36960,36960
L1_trip_25,L1_4,4,37080,37080
L1_trip_25,L1_5,5,37200,37200
L1_trip_25,L1_6,6,37320,37320
L1_trip_25,L1_7,7,37440,37440
L1_trip_25,L1_8,8,37560,37560
L1_trip_25,L1_9,9,37680,37680
L1_trip_25,L1_10,10,37800,37800
L1_trip_25,L1_11,11,37920,37920
L1_trip_25,L1_12,12,38040,38040
L1_trip_25,L1_13,13,38160,38160
L1_trip_25,L1_14,14,38280,38280
L1_trip_25,L1_15,15,38400,38400
L1_trip_25,L1_16,16,38520,38520
L1_trip_25,L1_17,17,38640,38640
L1_trip_25,L1_18,18,38760,38760
L1_trip_25,L1_19,19,38880,38880
L1_trip_25,L1_20,20,39000,39000
L1_trip_25,L1_21,21,39120,39120
L1_trip_25,L1_22,22,39240,39240
L1_trip_25,L1_23,23,39360,39360
L1_trip_25,L1_24,24,39480,39480
L1_trip_25,L1_25,25,39600,39600
L1_trip_25,L1_26,26,39720,39720
L1_trip_25,L1_27,27,39840,39840
L1_trip_25,L1_28,28,39960,39960
L1_trip_26,L1_0,0,37200,37200
L1_trip_26,L1_1,1,37320,37320
L1_trip_26,L1_2,2,37440,37440
L1_trip_26,L1_3,3,37560,37560
L1_trip_26,L1_4,4,37680,37680
L1_trip_26,L1_5,5,37800,37800
L1_trip_26,L1_6,6,37920,37920
L1_trip_26,L1_7,7,38040,38040
L1_trip_26,L1_8,8,38160,38160
L1_trip_26,L1_9,9,38280,38280
L1_trip_26,L1_10,10,38400,38400
L1_trip_26,L1_11,11,38520,38520
L1_trip_26,L1_12,12,38640,38640
L1_trip_26,L1_13,13,38760,38760
L1_trip_26,L1_14,14,38880,38880
L1_trip_26,L1_15,15,39000,39000
L1_trip_26,L1_16,16,39120,39120
L1_trip_26,L1_17,17,39240,39240
L1_trip_26,L1_18,18,39360,39360
L1_trip_26,L1_19,19,39480,39480
L1_trip_26,L1_20,20,39600,39600
L1_trip_26,L1_21,21,39720,39720
L1_trip_26,L1_22,22,39840,39840
L1_trip_26,L1_23,23,39960,39960
L1_trip_26,L1_24,24,40080,40080
L1_trip_26,L1_25,25,40200,40200
L1_trip_26,L1_26,26,40320,40320
L1_trip_26,L1_27,27,40440,40440
L1_trip_26,L1_28,28,40560,40560
L1_trip_27,L1_0,0,37800,37800
L1_trip_27,L1_1,1,37920,37920
L1_trip_27,L1_2,2,38040,38040
L1_trip_27,L1_3,3,38160,38160
L1_trip_27,L1_4,4,38280,38280
L1_trip_27,L1_5,5,38400,38400
L1_trip_27,L1_6,6,38520,38520
L1_trip_27,L1_7,7,38640,38640
L1_trip_27,L1_8,8,38760,38760
L1_trip_27,L1_9,9,38880,38880
L1_trip_27,L1_10,10,39000,39000
L1_trip_27,L1_11,11,39120,39120
L1_trip_27,L1_12,12,39240,39240
L1_trip_27,L1_13,13,39360,39360
L1_trip_27,L1_14,14,39480,39480
L1_trip_27,L1_15,15,39600,39600
L1_trip_27,L1_16,16,39720,39720
L1_trip_27,L1_17,17,39840,39840
L1_trip_27,L1_18,18,39960,39960
L1_trip_27,L1_19,19,40080,40080
L1_trip_27,L1_20,20,40200,40200
L1_trip_27,L1_21,21,40320,40320
L1_trip_27,L1_22,22,40440,40440
L1_trip_27,L1_23,23,40560,40560
L1_trip_27,L1_24,24,40680,40680
L1_trip_27,L1_25,25,40800,40800
L1_trip_27,L1_26,26,40920,40920
L1_trip_27,L1_27,27,41040,41040
L1_trip_27,L1_28,28,41160,41160
L1_trip_28,L1_0,0,38400,38400
L1_trip_28,L1_1,1,38520,38520
L1_trip_28,L1_2,2,38640,38640
L1_trip_28,L1_3,3,38760,38760
L1_trip_28,L1_4,4,38880,38880
L1_trip_28,L1_5,5,39000,39000
L1_trip_28,L1_6,6,39120,39120
L1_trip_28,L1_7,7,39240,39240
L1_trip_28,L1_8,8,39360,39360
L1_trip_28,L1_9,9,39480,39480
L1_trip_28,L1_10,10,39600,39600
L1_trip_28,L1_11,11,39720,39720
L1_trip_28,L1_12,12,39840,39840
L1_trip_28,L1_13,13,39960,39960
L1_trip_28,L1_14,14,40080,40080
L1_trip_28,L1_15,15,40200,40200
L1_trip_28,L1_16,16,40320,40320
L1_trip_28,L1_17,17,40440,40440
L1_trip_28,L1_18,18,40560,40560
L1_trip_28,L1_19,19,40680,40680
L1_trip_28,L1_20,20,40800,40800
L1_trip_28,L1_21,21,40920,40920
L1_trip_28,L1_22,22,41040,41040
L1_trip_28,L1_23,23,41160,41160
L1_trip_28,L1_24,24,41280,41280
L1_trip_28,L1_25,25,41400,41400
L1_trip_28,L1_26,26,41520,41520
L1_trip_28,L1_27,27,41640,41640
L1_trip_28,L1_28,28,41760,41760
L1_trip_29,L1_0,0,39000,39000
L1_trip_29,L1_1,1,39120,39120
L1_trip_29,L1_2,2,39240,39240
L1_trip_29,L1_3,3,39360,39360
L1_trip_29,L1_4,4,39480,39480
L1_trip_29,L1_5,5,39600,39600
L1_trip_29,L1_6,6,39720,39720
L1_trip_29,L1_7,7,39840,39840
L1_trip_29,L1_8,8,39960,39960
L1_trip_29,L1_9,9,40080,40080
L1_trip_29,L1_10,10,40200,40200
L1_trip_29,L1_11,11,40320,40320
L1_trip_29,L1_12,12,40440,40440
L1_trip_29,L1_13,13,40560,40560
L1_trip_29,L1_14,14,40680,40680
L1_trip_29,L1_15,15,40800,40800
L1_trip_29,L1_16,16,40920,40920
L1_trip_29,L1_17,17,41040,41040
L1_trip_29,L1_18,18,41160,41160
L1_trip_29,L1_19,19,41280,41280
L1_trip_29,L1_20,20,41400,41400
L1_trip_29,L1_21,21,41520,41520
L1_trip_29,L1_22,22,41640,41640
L1_trip_29,L1_23,23,41760,41760
L1_trip_29,L1_24,24,41880,41880
L1_trip_29,L1_25,25,42000,42000
L1_trip_29,L1_26,26,42120,42120
L1_trip_29,L1_27,27,42240,42240
L1_trip_29,L1_28,28,42360,42360
L1_trip_30,L1_0,0,39600,39600
L1_trip_30,L1_1,1,39720,39720
L1_trip_30,L1_2,2,39840,39840
L1_trip_30,L1_3,3,39960,39960
L1_trip_30,L1_4,4,40080,40080
L1_trip_30,L1_5,5,40200,40200
L1_trip_30,L1_6,6,40320,40320
L1_trip_30,L1_7,7,40440,40440
L1_trip_30,L1_8,8,40560,40560
L1_trip_30,L1_9,9,40680,40680
L1_trip_30,L1_10,10,40800,40800
L1_trip_30,L1_11,11,40920,40920
L1_trip_30,L1_12,12,41040,41040
L1_trip_30,L1_13,13,41160,41160
L1_trip_30,L1_14,14,41280,41280
L1_trip_30,L1_15,15,41400,41400
L1_trip_30,L1_16,16,41520,41520
L1_trip_30,L1_17,17,41640,41640
L1_trip_30,L1_18,18,41760,41760
L1_trip_30,L1_19,19,41880,41880
L1_trip_30,L1_20,20,42000,42000
L1_trip_30,L1_21,21,42120,42120
L1_trip_30,L1_22,22,42240,42240
L1_trip_30,L1_23,23,42360,42360
L1_trip_30,L1_24,24,42480,42480
L1_trip_30,L1_25,25,42600,42600
L1_trip_30,L1_26,26,42720,42720
L1_trip_30,L1_27,27,42840,42840
L1_trip_30,L1_28,28,42960,42960
L1_trip_31,L1_0,0,40200,40200
L1_trip_31,L1_1,1,40320,40320
L1_trip_31,L1_2,2,40440,40440
L1_trip_31,L1_3,3,40560,40560
L1_trip_31,L1_4,4,40680,40680
L1_trip_31,L1_5,5,40800,40800
L1_trip_31,L1_6,6,40920,40920
L1_trip_31,L1_7,7,41040,41040
L1_trip_31,L1_8,8,41160,41160
L1_trip_31,L1_9,9,41280,41280
L1_trip_31,L1_10,10,41400,41400
L1_trip_31,L1_11,11,41520,41520
L1_trip_31,L1_12,12,41640,41640
L1_trip_31,L1_13,13,41760,41760
L1_trip_31,L1_14,14,41880,41880
L1_trip_31,L1_15,15,42000,42000
L1_trip_31,L1_16,16,42120,42120
L1_trip_31,L1_17,17,42240,42240
L1_trip_31,L1_18,18,42360,42360
L1_trip_31,L1_19,19,42480,42480
L1_trip_31,L1_20,20,42600,42600
L1_trip_31,L1_21,21,42720,42720
L1_trip_31,L1_22,22,42840,42840
L1_trip_31,L1_23,23,42960,42960
L1_trip_31,L1_24,24,43080,43080
L1_trip_31,L1_25,25,43200,43200
L1_trip_31,L1_26,26,43320,43320
L1_trip_31,L1_27,27,43440,43440
L1_trip_31,L1_28,28,43560,43560
L1_trip_32,L1_0,0,40800,40800
L1_trip_32,L1_1,1,40920,40920
L1_trip_32,L1_2,2,41040,41040
L1_trip_32,L1_3,3,41160,41160
L1_trip_32,L1_4,4,41280,41280
L1_trip_32,L1_5,5,41400,41400
L1_trip_32,L1_6,6,41520,41520
L1_trip_32,L1_7,7,41640,41640
L1_trip_32,L1_8,8,41760,41760
L1_trip_32,L1_9,9,41880,41880
L1_trip_32,L1_10,10,42000,42000
L1_trip_32,L1_11,11,42120,42120
L1_trip_32,L1_12,12,42240,42240
L1_trip_32,L1_13,13,42360,42360
L1_trip_32,L1_14,14,42480,42480
L1_trip_32,L1_15,15,42600,42600
L1_trip_32,L1_16,16,42720,42720
L1_trip_32,L1_17,17,42840,42840
L1_trip_32,L1_18,18,42960,42960
L1_trip_32,L1_19,19,43080,43080
L1_trip_32,L1_20,20,43200,43200
L1_trip_32,L1_21,21,43320,43320
L1_trip_32,L1_22,22,43440,43440
L1_trip_32,L1_23,23,43560,43560
L1_trip_32,L1_24,24,43680,43680
L1_trip_32,L1_25,25,43800,43800
L1_trip_32,L1_26,26,43920,43920
L1_trip_32,L1_27,27,44040,44040
L1_trip_32,L1_28,28,44160,44160
L1_trip_33,L1_0,0,41400,41400
L1_trip_33,L1_1,1,41520,41520
L1_trip_33,L1_2,2,41640,41640
L1_trip_33,L1_3,3,41760,41760
L1_trip_33,L1_4,4,41880,41880
L1_trip_33,L1_5,5,42000,42000
L1_trip_33,L1_6,6,42120,42120
L1_trip_33,L1_7,7,42240,42240
L1_trip_33,L1_8,8,42360,42360
L1_trip_33,L1_9,9,42480,42480
L1_trip_33,L1_10,10,42600,42600
L1_trip_33,L1_11,11,42720,42720
L1_trip_33,L1_12,12,42840,42840
L1_trip_33,L1_13,13,42960,42960
L1_trip_33,L1_14,14,43080,43080
L1_trip_33,L1_15,15,43200,43200
L1_trip_33,L1_16,16,43320,43320
L1_trip_33,L1_17,17,43440,43440
L1_trip_33,L1_18,18,43560,43560
L1_trip_33,L1_19,19,43680,43680
L1_trip_33,L1_20,20,43800,43800
L1_trip_33,L1_21,21,43920,43920
L1_trip_33,L1_22,22,44040,44040
L1_trip_33,L1_23,23,44160,44160
L1_trip_33,L1_24,24,44280,44280
L1_trip_33,L1_25,25,44400,44400
L1_trip_33,L1_26,26,44520,44520
L1_trip_33,L1_27,27,44640,44640
L1_trip_33,L1_28,28,44760,44760
L1_trip_34,L1_0,0,42000,42000
L1_trip_34,L1_1,1,42120,42120
L1_trip_34,L1_2,2,42240,42240
L1_trip_34,L1_3,3,42360,42360
L1_trip_34,L1_4,4,42480,42480
L1_trip_34,L1_5,5,42600,42600
L1_trip_34,L1_6,6,42720,42720
L1_trip_34,L1_7,7,42840,42840
L1_trip_34,L1_8,8,42960,42960
L1_trip_34,L1_9,9,43080,43080
L1_trip_34,L1_10,10,43200,43200
L1_trip_34,L1_11,11,43320,43320
L1_trip_34,L1_12,12,43440,43440
L1_trip_34,L1_13,13,43560,43560
L1_trip_34,L1_14,14,43680,43680
L1_trip_34,L1_15,15,43800,43800
L1_trip_34,L1_16,16,43920,43920
L1_trip_34,L1_17,17,44040,44040
L1_trip_34,L1_18,18,44160,44160
L1_trip_34,L1_19,19,44280,44280
L1_trip_34,L1_20,20,44400,44400
L1_trip_34,L1_21,21,44520,44520
L1_trip_34,L1_22,22,44640,44640
L1_trip_34,L1_23,23,44760,44760
L1_trip_34,L1_24,24,44880,44880
L1_trip_34,L1_25,25,45000,45000
L1_trip_34,L1_26,26,45120,45120
L1_trip_34,L1_27,27,45240,45240
L1_trip_34,L1_28,28,45360,45360
L1_trip_35,L1_0,0,42600,42600
L1_trip_35,L1_1,1,42720,42720
L1_trip_35,L1_2,2,42840,42840
L1_trip_35,L1_3,3,42960,42960
L1_trip_35,L1_4,4,43080,43080
L1_trip_35,L1_5,5,43200,43200
L1_trip_35,L1_6,6,43320,43320
L1_trip_35,L1_7,7,43440,43440
L1_trip_35,L1_8,8,43560,43560
L1_trip_35,L1_9,9,43680,43680
L1_trip_35,L1_10,10,43800,43800
L1_trip_35,L1_11,11,43920,43920
L1_trip_35,L1_12,12,44040,44040
L1_trip_35,L1_13,13,44160,44160
L1_trip_35,L1_14,14,44280,44280
L1_trip_35,L1_15,15,44400,44400
L1_trip_35,L1_16,16,44520,44520
L1_trip_35,L1_17,17,44640,44640
L1_trip_35,L1_18,18,44760,44760
L1_trip_35,L1_19,19,44880,44880
L1_trip_35,L1_20,20,45000,45000
L1_trip_35,L1_21,21,45120,45120
L1_trip_35,L1_22,22,45240,45240
L1_trip_35,L1_23,23,45360,45360
L1_trip_35,L1_24,24,45480,45480
L1_trip_35,L1_25,25,45600,45600
L1_trip_35,L1_26,26,45720,45720
L1_trip_35,L1_27,27,45840,45840
L1_trip_35,L1_28,28,45960,45960
L1_trip_36,L1_0,0,43200,43200
L1_trip_36,L1_1,1,43320,43320
L1_trip_36,L1_2,2,43440,43440
L1_trip_36,L1_3,3,43560,43560
L1_trip_36,L1_4,4,43680,43680
L1_trip_36,L1_5,5,43800,43800
L1_trip_36,L1_6,6,43920,43920
L1_trip_36,L1_7,7,44040,44040
L1_trip_36,L1_8,8,44160,44160
L1_trip_36,L1_9,9,44280,44280
L1_trip_36,L1_10,10,44400,44400
L1_trip_36,L1_11,11,44520,44520
L1_trip_36,L1_12,12,44640,44640
L1_trip_36,L1_13,13,44760,44760
L1_trip_36,L1_14,14,44880,44880
L1_trip_36,L1_15,15,45000,45000
L1_trip_36,L1_16,16,45120,45120
L1_trip_36,L1_17,17,45240,45240
L1_trip_36,L1_18,18,45360,45360
L1_trip_36,L1_19,19,45480,45480
L1_trip_36,L1_20,20,45600,45600
L1_trip_36,L1_21,21,45720,45720
L1_trip_36,L1_22,22,45840,45840
L1_trip_36,L1_23,23,45960,45960
L1_trip_36,L1_24,24,46080,46080
L1_trip_36,L1_25,25,46200,46200
L1_trip_36,L1_26,26,46320,46320
L1_trip_36,L1_27,27,46440,46440
L1_trip_36,L1_28,28,46560,46560
L1_trip_37,L1_0,0,43800,43800
L1_trip_37,L1_1,1,43920,43920
L1_trip_37,L1_2,2,44040,44040
L1_trip_37,L1_3,3,44160,44160
L1_trip_37,L1_4,4,44280,44280
L1_trip_37,L1_5,5,44400,44400
L1_trip_37,L1_6,6,44520,44520
L1_trip_37,L1_7,7,44640,44640
L1_trip_37,L1_8,8,44760,44760
L1_trip_37,L1_9,9,44880,44880
L1_trip_37,L1_10,10,45000,45000
L1_trip_37,L1_11,11,45120,45120
L1_trip_37,L1_12,12,45240,45240
L1_trip_37,L1_13,13,45360,45360
L1_trip_37,L1_14,14,45480,45480
L1_trip_37,L1_15,15,45600,45600
L1_trip_37,L1_16,16,45720,45720
L1_trip_37,L1_17,17,45840,45840
L1_trip_37,L1_18,18,45960,45960
L1_trip_37,L1_19,19,46080,46080
L1_trip_37,L1_20,20,46200,46200
L1_trip_37,L1_21,21,46320,46320
L1_trip_37,L1_22,22,46440,46440
L1_trip_37,L1_23,23,46560,46560
L1_trip_37,L1_24,24,46680,46680
L1_trip_37,L1_25,25,46800,46800
L1_trip_37,L1_26,26,46920,46920
L1_trip_37,L1_27,27,47040,47040
L1_trip_37,L1_28,28,47160,47160
L1_trip_38,L1_0,0,44400,44400
L1_trip_38,L1_1,1,44520,44520
L1_trip_38,L1_2,2,44640,44640
L1_trip_38,L1_3,3,44760,44760
L1_trip_38,L1_4,4,44880,44880
L1_trip_38,L1_5,5,45000,45000
L1_trip_38,L1_6,6,45120,45120
L1_trip_38,L1_7,7,45240,45240
L1_trip_38,L1_8,8,45360,45360
L1_trip_38,L1_9,9,45480,45480
L1_trip_38,L1_10,10,45600,45600
L1_trip_38,L1_11,11,45720,45720
L1_trip_38,L1_12,12,45840,45840
L1_trip_38,L1_13,13,45960,45960
L1_trip_38,L1_14,14,46080,46080
L1_trip_38,L1_15,15,46200,46200
L1_trip_38,L1_16,16,46320,46320
L1_trip_38,L1_17,17,46440,46440
L1_trip_38,L1_18,18,46560,46560
L1_trip_38,L1_19,19,46680,46680
L1_trip_38,L1_20,20,46800,46800
L1_trip_38,L1_21,21,46920,46920
L1_trip_38,L1_22,22,47040,47040
L1_trip_38,L1_23,23,47160,47160
L1_trip_38,L1_24,24,47280,47280
L1_trip_38,L1_25,25,47400,47400
L1_trip_38,L1_26,26,47520,47520
L1_trip_38,L1_27,27,47640,47640
L1_trip_38,L1_28,28,47760,47760
L1_trip_39,L1_0,0,45000,45000
L1_trip_39,L1_1,1,45120,45120
L1_trip_39,L1_2,2,45240,45240
L1_trip_39,L1_3,3,45360,45360
L1_trip_39,L1_4,4,45480,45480
L1_trip_39,L1_5,5,45600,45600
L1_trip_39,L1_6,6,45720,45720
L1_trip_39,L1_7,7,45840,45840
L1_trip_39,L1_8,8,45960,45960
L1_trip_39,L1_9,9,46080,46080
L1_trip_39,L1_10,10,46200,46200
L1_trip_39,L1_11,11,46320,46320
L1_trip_39,L1_12,12,46440,46440
L1_trip_39,L1_13,13,46560,46560
L1_trip_39,L1_14,14,46680,46680
L1_trip_39,L1_15,15,46800,46800
L1_trip_39,L1_16,16,46920,46920
L1_trip_39,L1_17,17,47040,47040
L1_trip_39,L1_18,18,47160,47160
L1_trip_39,L1_19,19,47280,47280
L1_trip_39,L1_20,20,47400,47400
L1_trip_39,L1_21,21,47520,47520
L1_trip_39,L1_22,22,47640,47640
L1_trip_39,L1_23,23,47760,47760
L1_trip_39,L1_24,24,47880,47880
L1_trip_39,L1_25,25,48000,48000
L1_trip_39,L1_26,26,48120,48120
L1_trip_39,L1_27,27,48240,48240
L1_trip_39,L1_28,28,48360,48360
L1_trip_40,L1_0,0,45600,45600
L1_trip_40,L1_1,1,45720,45720
L1_trip_40,L1_2,2,45840,45840
L1_trip_40,L1_3,3,45960,45960
L1_trip_40,L1_4,4,46080,46080
L1_trip_40,L1_5,5,46200,46200
L1_trip_40,L1_6,6,46320,46320
L1_trip_40,L1_7,7,46440,46440
L1_trip_40,L1_8,8,46560,46560
L1_trip_40,L1_9,9,46680,46680
L1_trip_40,L1_10,10,46800,46800
L1_trip_40,L1_11,11,46920,46920
L1_trip_40,L1_12,12,47040,47040
L1_trip_40,L1_13,13,47160,47160
L1_trip_40,L1_14,14,47280,47280
L1_trip_40,L1_15,15,47400,47400
L1_trip_40,L1_16,16,47520,47520
L1_trip_40,L1_17,17,47640,47640
L1_trip_40,L1_18,18,47760,47760
L1_trip_40,L1_19,19,47880,47880
L1_trip_40,L1_20,20,48000,48000
L1_trip_40,L1_21,21,48120,48120
L1_trip_40,L1_22,22,48240,48240
L1_trip_40,L1_23,23,48360,48360
L1_trip_40,L1_24,24,48480,48480
L1_trip_40,L1_25,25,48600,48600
L1_trip_40,L1_26,26,48720,48720
L1_trip_40,L1_27,27,48840,48840
L1_trip_40,L1_28,28,48960,48960
L1_trip_41,L1_0,0,46200,46200
L1_trip_41,L1_1,1,46320,46320
L1_trip_41,L1_2,2,46440,46440
L1_trip_41,L1_3,3,46560,46560
L1_trip_41,L1_4,4,46680,46680
L1_trip_41,L1_5,5,46800,46800
L1_trip_41,L1_6,6,46920,46920
L1_trip_41,L1_7,7,47040,47040
L1_trip_41,L1_8,8,47160,47160
L1_trip_41,L1_9,9,47280,47280
L1_trip_41,L1_10,10,47400,47400
L1_trip_41,L1_11,11,47520,47520
L1_trip_41,L1_12,12,47640,47640
L1_trip_41,L1_13,13,47760,47760
L1_trip_41,L1_14,14,47880,47880
L1_trip_41,L1_15,15,48000,48000
L1_trip_41,L1_16,16,48120,48120
L1_trip_41,L1_17,17,48240,48240
L1_trip_41,L1_18,18,48360,48360
L1_trip_41,L1_19,19,48480,48480
L1_trip_41,L1_20,20,48600,48600
L1_trip_41,L1_21,21,48720,48720
L1_trip_41,L1_22,22,48840,48840
L1_trip_41,L1_23,23,48960,48960
L1_trip_41,L1_24,24,49080,49080
L1_trip_41,L1_25,25,49200,49200
L1_trip_41,L1_26,26,49320,49320
L1_trip_41,L1_27,27,49440,49440
L1_trip_41,L1_28,28,49560,49560
L1_trip_42,L1_0,0,46800,46800
L1_trip_42,L1_1,1,46920,46920
L1_trip_42,L1_2,2,47040,47040
L1_trip_42,L1_3,3,47160,47160
L1_trip_42,L1_4,4,47280,47280
L1_trip_42,L1_5,5,47400,47400
L1_trip_42,L1_6,6,47520,47520
L1_trip_42,L1_7,7,47640,47640
L1_trip_42,L1_8,8,47760,47760
L1_trip_42,L1_9,9,47880,47880
L1_trip_42,L1_10,10,48000,48000
L1_trip_42,L1_11,11,48120,48120
L1_trip_42,L1_12,12,48240,48240
L1_trip_42,L1_13,13,48360,48360
L1_trip_42,L1_14,14,48480,48480
L1_trip_42,L1_15,15,48600,48600
L1_trip_42,L1_16,16,48720,48720
L1_trip_42,L1_17,17,48840,48840
L1_trip_42,L1_18,18,48960,48960
L1_trip_42,L1_19,19,49080,49080
L1_trip_42,L1_20,20,49200,49200
L1_trip_42,L1_21,21,49320,49320
L1_trip_42,L1_22,22,49440,49440
L1_trip_42,L1_23,23,49560,49560
L1_trip_42,L1_24,24,49680,49680
L1_trip_42,L1_25,25,49800,49800
L1_trip_42,L1_26,26,49920,49920
L1_trip_42,L1_27,27,50040,50040
L1_trip_42,L1_28,28,50160,50160
L1_trip_43,L1_0,0,47400,47400
L1_trip_43,L1_1,1,47520,47520
L1_trip_43,L1_2,2,47640,47640
L1_trip_43,L1_3,3,47760,47760
L1_trip_43,L1_4,4,47880,47880
L1_trip_43,L1_5,5,48000,48000
L1_trip_43,L1_6,6,48120,48120
L1_trip_43,L1_7,7,48240,48240
L1_trip_43,L1_8,8,48360,48360
L1_trip_43,L1_9,9,48480,48480
L1_trip_43,L1_10,10,48600,48600
L1_trip_43,L1_11,11,48720,48720
L1_trip_43,L1_12,12,48840,48840
L1_trip_43,L1_13,13,48960,48960
L1_trip_43,L1_14,14,49080,49080
L1_trip_43,L1_15,15,49200,49200
L1_trip_43,L1_16,16,49320,49320
L1_trip_43,L1_17,17,49440,49440
L1_trip_43,L1_18,18,49560,49560
L1_trip_43,L1_19,19,49680,49680
L1_trip_43,L1_20,20,49800,49800
L1_trip_43,L1_21,21,49920,49920
L1_trip_43,L1_22,22,50040,50040
L1_trip_43,L1_23,23,50160,50160
L1_trip_43,L1_24,24,50280,50280
L1_trip_43,L1_25,25,50400,50400
L1_trip_43,L1_26,26,50520,50520
L1_trip_43,L1_27,27,50640,50640
L1_trip_43,L1_28,28,50760,50760
L1_trip_44,L1_0,0,48000,48000
L1_trip_44,L1_1,1,48120,48120
L1_trip_44,L1_2,2,48240,48240
L1_trip_44,L1_3,3,48360,48360
L1_trip_44,L1_4,4,48480,48480
L1_trip_44,L1_5,5,48600,48600
L1_trip_44,L1_6,6,48720,48720
L1_trip_44,L1_7,7,48840,48840
L1_trip_44,L1_8,8,48960,48960
L1_trip_44,L1_9,9,49080,49080
L1_trip_44,L1_10,10,49200,49200
L1_trip_44,L1_11,11,49320,49320
L1_trip_44,L1_12,12,49440,49440
L1_trip_44,L1_13,13,49560,49560
L1_trip_44,L1_14,14,49680,49680
L1_trip_44,L1_15,15,49800,49800
L1_trip_44,L1_16,16,49920,49920
L1_trip_44,L1_17,17,50040,50040
L1_trip_44,L1_18,18,50160,50160
L1_trip_44,L1_19,19,50280,50280
L1_trip_44,L1_20,20,50400,50400
L1_trip_44,L1_21,21,50520,50520
L1_trip_44,L1_22,22,50640,50640
L1_trip_44,L1_23,23,50760,50760
L1_trip_44,L1_24,24,50880,50880
L1_trip_44,L1_25,25,51000,51000
L1_trip_44,L1_26,26,51120,51120
L1_trip_44,L1_27,27,51240,51240
L1_trip_44,L1_28,28,51360,51360
L1_trip_45,L1_0,0,48600,48600
L1_trip_45,L1_1,1,48720,48720
L1_trip_45,L1_2,2,48840,48840
L1_trip_45,L1_3,3,48960,48960
L1_trip_45,L1_4,4,49080,49080
L1_trip_45,L1_5,5,49200,49200
L1_trip_45,L1_6,6,49320,49320
L1_trip_45,L1_7,7,49440,49440
L1_trip_45,L1_8,8,49560,49560
L1_trip_45,L1_9,9,49680,49680
L1_trip_45,L1_10,10,49800,49800
L1_trip_45,L1_11,11,49920,49920
L1_trip_45,L1_12,12,50040,50040
L1_trip_45,L1_13,13,50160,50160
L1_trip_45,L1_14,14,50280,50280
L1_trip_45,L1_15,15,50400,50400
L1_trip_45,L1_16,16,50520,50520
L1_trip_45,L1_17,17,50640,50640
L1_trip_45,L1_18,18,50760,50760
L1_trip_45,L1_19,19,50880,50880
L1_trip_45,L1_20,20,51000,51000
L1_trip_45,L1_21,21,51120,51120
L1_trip_45,L1_22,22,51240,51240
L1_trip_45,L1_23,23,51360,51360
L1_trip_45,L1_24,24,51480,51480
L1_trip_45,L1_25,25,51600,51600
L1_trip_45,L1_26,26,51720,51720
L1_trip_45,L1_27,27,51840,51840
L1_trip_45,L1_28,28,51960,51960
L1_trip_46,L1_0,0,49200,49200
L1_trip_46,L1_1,1,49320,49320
L1_trip_46,L1_2,2,49440,49440
L1_trip_46,L1_3,3,49560,49560
L1_trip_46,L1_4,4,49680,49680
L1_trip_46,L1_5,5,49800,49800
L1_trip_46,L1_6,6,49920,49920
L1_trip_46,L1_7,7,50040,50040
L1_trip_46,L1_8,8,50160,50160
L1_trip_46,L1_9,9,50280,50280
L1_trip_46,L1_10,10,50400,50400
L1_trip_46,L1_11,11,50520,50520
L1_trip_46,L1_12,12,50640,50640
L1_trip_46,L1_13,13,50760,50760
L1_trip_46,L1_14,14,50880,50880
L1_trip_46,L1_15,15,51000,51000
L1_trip_46,L1_16,16,51120,51120
L1_trip_46,L1_17,17,51240,51240
L1_trip_46,L1_18,18,51360,51360
L1_trip_46,L1_19,19,51480,51480
L1_trip_46,L1_20,20,51600,51600
L1_trip_46,L1_21,21,51720,51720
L1_trip_46,L1_22,22,51840,51840
L1_trip_46,L1_23,23,51960,51960
L1_trip_46,L1_24,24,52080,52080
L1_trip_46,L1_25,25,52200,52200
L1_trip_46,L1_26,26,52320,52320
L1_trip_46,L1_27,27,52440,52440
L1_trip_46,L1_28,28,52560,52560
L1_trip_47,L1_0,0,49800,49800
L1_trip_47,L1_1,1,49920,49920
L1_trip_47,L1_2,2,50040,50040
L1_trip_47,L1_3,3,50160,50160
L1_trip_47,L1_4,4,50280,50280
L1_trip_47,L1_5,5,50400,50400
L1_trip_47,L1_6,6,50520,50520
L1_trip_47,L1_7,7,50640,50640
L1_trip_47,L1_8,8,50760,50760
L1_trip_47,L1_9,9,50880,50880
L1_trip_47,L1_10,10,51000,51000
L1_trip_47,L1_11,11,51120,51120
L1_trip_47,L1_12,12,51240,51240
L1_trip_47,L1_13,13,51360,51360
L1_trip_47,L1_14,14,51480,51480
L1_trip_47,L1_15,15,51600,51600
L1_trip_47,L1_16,16,51720,51720
L1_trip_47,L1_17,17,51840,51840
L1_trip_47,L1_18,18,51960,51960
L1_trip_47,L1_19,19,52080,52080
L1_trip_47,L1_20,20,52200,52200
L1_trip_47,L1_21,21,52320,52320
L1_trip_47,L1_22,22,52440,52440
L1_trip_47,L1_23,23,52560,52560
L1_trip_47,L1_24,24,52680,52680
L1_trip_47,L1_25,25,52800,52800
L1_trip_47,L1_26,26,52920,52920
L1_trip_47,L1_27,27,53040,53040
L1_trip_47,L1_28,28,53160,53160
L1_trip_48,L1_0,0,50400,50400
L1_trip_48,L1_1,1,50520,50520
L1_trip_48,L1_2,2,50640,50640
L1_trip_48,L1_3,3,50760,50760
L1_trip_48,L1_4,4,50880,50880
L1_trip_48,L1_5,5,51000,51000
L1_trip_48,L1_6,6,51120,51120
L1_trip_48,L1_7,7,51240,51240
L1_trip_48,L1_8,8,51360,51360
L1_trip_48,L1_9,9,51480,51480
L1_trip_48,L1_10,10,51600,51600
L1_trip_48,L1_11,11,51720,51720
L1_trip_48,L1_12,12,51840,51840
L1_trip_48,L1_13,13,51960,51960
L1_trip_48,L1_14,14,52080,52080
L1_trip_48,L1_15,15,52200,52200
L1_trip_48,L1_16,16,52320,52320
L1_trip_48,L1_17,17,52440,52440
L1_trip_48,L1_18,18,52560,52560
L1_trip_48,L1_19,19,52680,52680
L1_trip_48,L1_20,20,52800,52800
L1_trip_48,L1_21,21,52920,52920
L1_trip_48,L1_22,22,53040,53040
L1_trip_48,L1_23,23,53160,53160
L1_trip_48,L1_24,24,53280,53280
L1_trip_48,L1_25,25,53400,53400
L1_trip_48,L1_26,26,53520,53520
L1_trip_48,L1_27,27,53640,53640
L1_trip_48,L1_28,28,53760,53760
L1_trip_49,L1_0,0,51000,51000
L1_trip_49,L1_1,1,51120,51120
L1_trip_49,L1_2,2,51240,51240
L1_trip_49,L1_3,3,51360,51360
L1_trip_49,L1_4,4,51480,51480
L1_trip_49,L1_5,5,51600,51600
L1_trip_49,L1_6,6,51720,51720
L1_trip_49,L1_7,7,51840,51840
L1_trip_49,L1_8,8,51960,51960
L1_trip_49,L1_9,9,52080,52080
L1_trip_49,L1_10,10,52200,52200
L1_trip_49,L1_11,11,52320,52320
L1_trip_49,L1_12,12,52440,52440
L1_trip_49,L1_13,13,52560,52560
L1_trip_49,L1_14,14,52680,52680
L1_trip_49,L1_15,15,52800,52800
L1_trip_49,L1_16,16,52920,52920
L1_trip_49,L1_17,17,53040,53040
L1_trip_49,L1_18,18,53160,53160
L1_trip_49,L1_19,19,53280,53280
L1_trip_49,L1_20,20,53400,53400
L1_trip_49,L1_21,21,53520,53520
L1_trip_49,L1_22,22,53640,53640
L1_trip_49,L1_23,23,53760,53760
L1_trip_49,L1_24,24,53880,53880
L1_trip_49,L1_25,25,54000,54000
L1_trip_49,L1_26,26,54120,54120
L1_trip_49,L1_27,27,54240,54240
L1_trip_49,L1_28,28,54360,54360
L2_trip_0,L2_0,0,21600,21600
L2_trip_0,L2_1,1,21720,21720
L2_trip_0,L2_2,2,21840,21840
L2_trip_0,L2_3,3,21960,21960
L2_trip_0,L2_4,4,22080,22080
L2_trip_0,L2_5,5,22200,22200
L2_trip_1,L2_0,0,22200,22200
L2_trip_1,L2_1,1,22320,22320
L2_trip_1,L2_2,2,22440,22440
L2_trip_1,L2_3,3,22560,22560
L2_trip_1,L2_4,4,22680,22680
L2_trip_1,L2_5,5,22800,22800
L2_trip_2,L2_0,0,22800,22800
L2_trip_2,L2_1,1,22920,22920
L2_trip_2,L2_2,2,23040,23040
L2_trip_2,L2_3,3,23160,23160
L2_trip_2,L2_4,4,23280,23280
L2_trip_2,L2_5,5,23400,23400
L2_trip_3,L2_0,0,23400,23400
L2_trip_3,L2_1,1,23520,23520
L2_trip_3,L2_2,2,23640,23640
L2_trip_3,L2_3,3,23760,23760
L2_trip_3,L2_4,4,23880,23880
L2_trip_3,L2_5,5,24000,24000
L2_trip_4,L2_0,0,24000,24000
L2_trip_4,L2_1,1,24120,24120
L2_trip_4,L2_2,2,24240,24240
L2_trip_4,L2_3,3,24360,24360
L2_trip_4,L2_4,4,24480,24480
L2_trip_4,L2_5,5,24600,24600
L2_trip_5,L2_0,0,24600,24600
L2_trip_5,L2_1,1,24720,24720
L2_trip_5,L2_2,2,24840,24840
L2_trip_5,L2_3,3,24960,24960
L2_trip_5,L2_4,4,25080,25080
L2_trip_5,L2_5,5,25200,25200
L2_trip_6,L2_0,0,25200,25200
L2_trip_6,L2_1,1,25320,25320
L2_trip_6,L2_2,2,25440,25440
L2_trip_6,L2_3,3,25560,25560
L2_trip_6,L2_4,4,25680,25680
L2_trip_6,L2_5,5,25800,25800
L2_trip_7,L2_0,0,25800,25800
L2_trip_7,L2_1,1,25920,25920
L2_trip_7,L2_2,2,26040,26040
L2_trip_7,L2_3,3,26160,26160
L2_trip_7,L2_4,4,26280,26280
L2_trip_7,L2_5,5,26400,26400
L2_trip_8,L2_0,0,26400,26400
L2_trip_8,L2_1,1,26520,26520
L2_trip_8,L2_2,2,26640,26640
L2_trip_8,L2_3,3,26760,26760
L2_trip_8,L2_4,4,26880,26880
L2_trip_8,L2_5,5,27000,27000
L2_trip_9,L2_0,0,27000,27000
L2_trip_9,L2_1,1,27120,27120
L2_trip_9,L2_2,2,27240,27240
L2_trip_9,L2_3,3,27360,27360
L2_trip_9,L2_4,4,27480,27480
L2_trip_9,L2_5,5,27600,27600
L2_trip_10,L2_0,0,27600,27600
L2_trip_10,L2_1,1,27720,27720
L2_trip_10,L2_2,2,27840,27840
L2_trip_10,L2_3,3,27960,27960
L2_trip_10,L2_4,4,28080,28080
L2_trip_10,L2_5,5,28200,28200
L2_trip_11,L2_0,0,28200,28200
L2_trip_11,L2_1,1,28320,28320
L2_trip_11,L2_2,2,28440,28440
L2_trip_11,L2_3,3,28560,28560
L2_trip_11,L2_4,4,28680,28680
L2_trip_11,L2_5,5,28800,28800
L2_trip_12,L2_0,0,28800,28800
L2_trip_12,L2_1,1,28920,28920
L2_trip_12,L2_2,2,29040,29040
L2_trip_12,L2_3,3,29160,29160
L2_trip_12,L2_4,4,29280,29280
L2_trip_12,L2_5,5,29400,29400
L2_trip_13,L2_0,0,29400,29400
L2_trip_13,L2_1,1,29520,29520
L2_trip_13,L2_2,2,29640,29640
L2_trip_13,L2_3,3,29760,29760
L2_trip_13,L2_4,4,29880,29880
L2_trip_13,L2_5,5,30000,30000
L2_trip_14,L2_0,0,30000,30000
L2_trip_14,L2_1,1,30120,30120
L2_trip_14,L2_2,2,30240,30240
L2_trip_14,L2_3,3,30360,30360
L2_trip_14,L2_4,4,30480,30480
L2_trip_14,L2_5,5,30600,30600
L2_trip_15,L2_0,0,30600,30600
L2_trip_15,L2_1,1,30720,30720
L2_trip_15,L2_2,2,30840,30840
L2_trip_15,L2_3,3,30960,30960
L2_trip_15,L2_4,4,31080,31080
L2_trip_15,L2_5,5,31200,31200
L2_trip_16,L2_0,0,31200,31200
L2_trip_16,L2_1,1,31320,31320
L2_trip_16,L2_2,2,31440,31440
L2_trip_16,L2_3,3,31560,31560
L2_trip_16,L2_4,4,31680,31680
L2_trip_16,L2_5,5,31800,31800
L2_trip_17,L2_0,0,31800,31800
L2_trip_17,L2_1,1,31920,31920
L2_trip_17,L2_2,2,32040,32040
L2_trip_17,L2_3,3,32160,32160
L2_trip_17,L2_4,4,32280,32280
L2_trip_17,L2_5,5,32400,32400
L2_trip_18,L2_0,0,32400,32400
L2_trip_18,L2_1,1,32520,32520
L2_trip_18,L2_2,2,32640,32640
L2_trip_18,L2_3,3,32760,32760
L2_trip_18,L2_4,4,32880,32880
L2_trip_18,L2_5,5,33000,33000
L2_trip_19,L2_0,0,33000,33000
L2_trip_19,L2_1,1,33120,33120
L2_trip_19,L2_2,2,33240,33240
L2_trip_19,L2_3,3,33360,33360
L2_trip_19,L2_4,4,33480,33480
L2_trip_19,L2_5,5,33600,33600
L2_trip_20,L2_0,0,33600,33600
L2_trip_20,L2_1,1,33720,33720
L2_trip_20,L2_2,2,33840,33840
L2_trip_20,L2_3,3,33960,33960
L2_trip_20,L2_4,4,34080,34080
L2_trip_20,L2_5,5,34200,34200
L2_trip_21,L2_0,0,34200,34200
L2_trip_21,L2_1,1,34320,34320
L2_trip_21,L2_2,2,34440,34440
L2_trip_21,L2_3,3,34560,34560
L2_trip_21,L2_4,4,34680,34680
L2_trip_21,L2_5,5,34800,34800
L2_trip_22,L2_0,0,34800,34800
L2_trip_22,L2_1,1,34920,34920
L2_trip_22,L2_2,2,35040,35040
L2_trip_22,L2_3,3,35160,35160
L2_trip_22,L2_4,4,35280,35280
L2_trip_22,L2_5,5,35400,35400
L2_trip_23,L2_0,0,35400,35400
L2_trip_23,L2_1,1,35520,35520
L2_trip_23,L2_2,2,35640,35640
L2_trip_23,L2_3,3,35760,35760
L2_trip_23,L2_4,4,35880,35880
L2_trip_23,L2_5,5,36000,36000
L2_trip_24,L2_0,0,36000,36000
L2_trip_24,L2_1,1,36120,36120
L2_trip_24,L2_2,2,36240,36240
L2_trip_24,L2_3,3,36360,36360
L2_trip_24,L2_4,4,36480,36480
L2_trip_24,L2_5,5,36600,36600
L2_trip_25,L2_0,0,36600,36600
L2_trip_25,L2_1,1,36720,36720
L2_trip_25,L2_2,2,36840,36840
L2_trip_25,L2_3,3,36960,36960
L2_trip_25,L2_4,4,37080,37080
L2_trip_25,L2_5,5,37200,37200
L2_trip_26,L2_0,0,37200,37200
L2_trip_26,L2_1,1,37320,37320
L2_trip_26,L2_2,2,37440,37440
L2_trip_26,L2_3,3,37560,37560
L2_trip_26,L2_4,4,37680,37680
L2_trip_26,L2_5,5,37800,37800
L2_trip_27,L2_0,0,37800,37800
L2_trip_27,L2_1,1,37920,37920
L2_trip_27,L2_2,2,38040,38040
L2_trip_27,L2_3,3,38160,38160
L2_trip_27,L2_4,4,38280,38280
L2_trip_27,L2_5,5,38400,38400
L2_trip_28,L2_0,0,38400,38400
L2_trip_28,L2_1,1,38520,38520
L2_trip_28,L2_2,2,38640,38640
L2_trip_28,L2_3,3,38760,38760
L2_trip_28,L2_4,4,38880,38880
L2_trip_28,L2_5,5,39000,39000
L2_trip_29,L2_0,0,39000,39000
L2_trip_29,L2_1,1,39120,39120
L2_trip_29,L2_2,2,39240,39240
L2_trip_29,L2_3,3,39360,39360
L2_trip_29,L2_4,4,39480,39480
L2_trip_29,L2_5,5,39600,39600
L2_trip_30,L2_0,0,39600,39600
L2_trip_30,L2_1,1,39720,39720
L2_trip_30,L2_2,2,39840,39840
L2_trip_30,L2_3,3,39960,39960
L2_trip_30,L2_4,4,40080,40080
L2_trip_30,L2_5,5,40200,40200
L2_trip_31,L2_0,0,40200,40200
L2_trip_31,L2_1,1,40320,40320
L2_trip_31,L2_2,2,40440,40440
L2_trip_31,L2_3,3,40560,40560
L2_trip_31,L2_4,4,40680,40680
L2_trip_31,L2_5,5,40800,40800
L2_trip_32,L2_0,0,40800,40800
L2_trip_32,L2_1,1,40920,40920
L2_trip_32,L2_2,2,41040,41040
L2_trip_32,L2_3,3,41160,41160
L2_trip_32,L2_4,4,41280,41280
L2_trip_32,L2_5,5,41400,41400
L2_trip_33,L2_0,0,41400,41400
L2_trip_33,L2_1,1,41520,41520
L2_trip_33,L2_2,2,41640,41640
L2_trip_33,L2_3,3,41760,41760
L2_trip_33,L2_4,4,41880,41880
L2_trip_33,L2_5,5,42000,42000
L2_trip_34,L2_0,0,42000,42000
L2_trip_34,L2_1,1,42120,42120
L2_trip_34,L2_2,2,42240,42240
L2_trip_34,L2_3,3,42360,42360
L2_trip_34,L2_4,4,42480,42480
L2_trip_34,L2_5,5,42600,42600
L2_trip_35,L2_0,0,42600,42600
L2_trip_35,L2_1,1,42720,42720
L2_trip_35,L2_2,2,42840,42840
L2_trip_35,L2_3,3,42960,42960
L2_trip_35,L2_4,4,43080,43080
L2_trip_35,L2_5,5,43200,43200
L2_trip_36,L2_0,0,43200,43200
L2_trip_36,L2_1,1,43320,43320
L2_trip_36,L2_2,2,43440,43440
L2_trip_36,L2_3,3,43560,43560
L2_trip_36,L2_4,4,43680,43680
L2_trip_36,L2_5,5,43800,43800
L2_trip_37,L2_0,0,43800,43800
L2_trip_37,L2_1,1,43920,43920
L2_trip_37,L2_2,2,44040,44040
L2_trip_37,L2_3,3,44160,44160
L2_trip_37,L2_4,4,44280,44280
L2_trip_37,L2_5,5,44400,44400
L2_trip_38,L2_0,0,44400,44400
L2_trip_38,L2_1,1,44520,44520
L2_trip_38,L2_2,2,44640,44640
L2_trip_38,L2_3,3,44760,44760
L2_trip_38,L2_4,4,44880,44880
L2_trip_38,L2_5,5,45000,45000
L2_trip_39,L2_0,0,45000,45000
L2_trip_39,L2_1,1,45120,45120
L2_trip_39,L2_2,2,45240,45240
L2_trip_39,L2_3,3,45360,45360
L2_trip_39,L2_4,4,45480,45480
L2_trip_39,L2_5,5,45600,45600
L2_trip_40,L2_0,0,45600,45600
L2_trip_40,L2_1,1,45720,45720
L2_trip_40,L2_2,2,45840,45840
L2_trip_40,L2_3,3,45960,45960
L2_trip_40,L2_4,4,46080,46080
L2_trip_40,L2_5,5,46200,46200
L2_trip_41,L2_0,0,46200,46200
L2_trip_41,L2_1,1,46320,46320
L2_trip_41,L2_2,2,46440,46440
L2_trip_41,L2_3,3,46560,46560
L2_trip_41,L2_4,4,46680,46680
L2_trip_41,L2_5,5,46800,46800
L2_trip_42,L2_0,0,46800,46800
L2_trip_42,L2_1,1,46920,46920
L2_trip_42,L2_2,2,47040,47040
L2_trip_42,L2_3,3,47160,47160
L2_trip_42,L2_4,4,47280,47280
L2_trip_42,L2_5,5,47400,47400
L2_trip_43,L2_0,0,47400,47400
L2_trip_43,L2_1,1,47520,47520
L2_trip_43,L2_2,2,47640,47640
L2_trip_43,L2_3,3,47760,47760
L2_trip_43,L2_4,4,47880,47880
L2_trip_43,L2_5,5,48000,48000
L2_trip_44,L2_0,0,48000,48000
L2_trip_44,L2_1,1,48120,48120
L2_trip_44,L2_2,2,48240,48240
L2_trip_44,L2_3,3,48360,48360
L2_trip_44,L2_4,4,48480,48480
L2_trip_44,L2_5,5,48600,48600
L2_trip_45,L2_0,0,48600,48600
L2_trip_45,L2_1,1,48720,48720
L2_trip_45,L2_2,2,48840,48840
L2_trip_45,L2_3,3,48960,48960
L2_trip_45,L2_4,4,49080,49080
L2_trip_45,L2_5,5,49200,49200
L2_trip_46,L2_0,0,49200,49200
L2_trip_46,L2_1,1,49320,49320
L2_trip_46,L2_2,2,49440,49440
L2_trip_46,L2_3,3,49560,49560
L2_trip_46,L2_4,4,49680,49680
L2_trip_46,L2_5,5,49800,49800
L2_trip_47,L2_0,0,49800,49800
L2_trip_47,L2_1,1,49920,49920
L2_trip_47,L2_2,2,50040,50040
L2_trip_47,L2_3,3,50160,50160
L2_trip_47,L2_4,4,50280,50280
L2_trip_47,L2_5,5,50400,50400
L2_trip_48,L2_0,0,50400,50400
L2_trip_48,L2_1,1,50520,50520
L2_trip_48,L2_2,2,50640,50640
L2_trip_48,L2_3,3,50760,50760
L2_trip_48,L2_4,4,50880,50880
L2_trip_48,L2_5,5,51000,51000
L2_trip_49,L2_0,0,51000,51000
L2_trip_49,L2_1,1,51120,51120
L2_trip_49,L2_2,2,51240,51240
L2_trip_49,L2_3,3,51360,51360
L2_trip_49,L2_4,4,51480,51480
L2_trip_49,L2_5,5,51600,51600
